episode,1
offset,0
currentDialog,3
previousDisplayTime,1683242513849
score,0
isMoving,0
stages,1,0,0,0
itemCounter,0,0,0,0
isPassed,0
hero,311,246,6,6,296
Orc,904,441,4
Orc,959,631,4
Orc,749,119,4
HeroBullet,1161,65,0.850265,-0.526355
HeroBullet,1244,165,0.879056,-0.476719
OrcBullet,437,472,-0.88267,0.469993
OrcBullet,514,489,-0.920868,-0.389874
OrcBullet,679,464,-0.770295,0.637687
